StartDate,EndDate,Status,IPAddress,Progress,Duration (in seconds),Finished,RecordedDate,ResponseId,RecipientLastName,RecipientFirstName,RecipientEmail,ExternalReference,LocationLatitude,LocationLongitude,DistributionChannel,UserLanguage,subid,DOSPERT_01,DOSPERT_02,DOSPERT_03,DOSPERT_04,DOSPERT_05,DOSPERT_06,DOSPERT_07,DOSPERT_08,DOSPERT_09,DOSPERT_10,DOSPERT_11,DOSPERT_12,DOSPERT_13,DOSPERT_14,DOSPERT_15,DOSPERT_16,DOSPERT_17,DOSPERT_18,DOSPERT_19,DOSPERT_20,DOSPERT_21,DOSPERT_22,DOSPERT_23,DOSPERT_24,DOSPERT_25,DOSPERT_26,DOSPERT_27,DOSPERT_28,DOSPERT_29,DOSPERT_30,Q57_First Click,Q57_Last Click,Q57_Page Submit,Q57_Click Count,CARE_00_1,CARE_01,CARE_02,CARE_03,CARE_04,CARE_05,CARE_06,CARE_07,CARE_08,CARE_09,CARE_10,CARE_11,CARE_12,CARE_13,CARE_14,CARE_15,CARE_16,CARE_17,CARE_18,CARE_19,CARE_20,CARE_21,CARE_22,CARE_23,CARE_24,CARE_25,CARE_26,CARE_27,CARE_28,CARE_29,CARE_30,CARE_31,CARE_32,Q58_First Click,Q58_Last Click,Q58_Page Submit,Q58_Click Count,UPPS_06,UPPS_07,UPPS_11,UPPS_12,UPPS_15,UPPS_16,UPPS_17,UPPS_18,UPPS_19,UPPS_20,UPPS_21,UPPS_22,UPPS_23,UPPS_24,UPPS_27,UPPS_28,UPPS_35,UPPS_36,UPPS_37,UPPS_39,Q59_First Click,Q59_Last Click,Q59_Page Submit,Q59_Click Count,SU_01,SU_02,SU_03,SU_04,SU_05,SU_06,SU_07,SU_08,SU_09,SU_10,SU_11,SU_12,SU_13,SU_14,SU_15,SU_16,SU_17,SU_18,SU_19,SU_20,SU_21,SU_22,SU_23,EERQ_01,EERQ_02,EERQ_03,EERQ_04,EERQ_05,EERQ_06,EERQ_07,EERQ_08,EERQ_09,EERQ_10,EERQ_11,EERQ_12,EERQ_13,EERQ_14,EERQ_15,EERQ_16,EERQ_17,EERQ_18,EERQ_19,EERQ_20,EERQ_21,EERQ_22,Q60_First Click,Q60_Last Click,Q60_Page Submit,Q60_Click Count,PMERQ_01,PMERQ_02,PMERQ_03,PMERQ_04,PMERQ_05,PMERQ_06,PMERQ_07,PMERQ_08,PMERQ_09,PMERQ_10,PMERQ_11,PMERQ_12,PMERQ_13,PMERQ_14,PMERQ_15,PMERQ_16,PMERQ_17,PMERQ_18,PMERQ_19,PMERQ_20,PMERQ_21,PMERQ_22,PMERQ_23,PMERQ_24,PMERQ_25,PMERQ_26,PMERQ_27,PMERQ_28,PMERQ_29,PMERQ_30,PMERQ_31,PMERQ_32,PMERQ_33,PMERQ_34,PMERQ_35,PMERQ_36,PMERQ_37,PMERQ_38,PMERQ_39,PMERQ_40,PMERQ_41,PMERQ_42,PMERQ_43,PMERQ_44,PMERQ_45,Q61_First Click,Q61_Last Click,Q61_Page Submit,Q61_Click Count,Sex,Gender,SexOrient,HSP,Race,Income,FinAst,Engagement_Situation_Selection,Disengagement_Situation_Selection,Engagement_Situation_Modification,Disengagement_Situation_Modification,Engagement_Attentional_Deployment,Disengagement_Attentional_Deployment,Engagement_Cognitive_Reappraisal,Disengagement_Cognitive_Reappraisal,Engagement_Response_Modulation,Disengagement_Response_Modulation,Engagement_Score,Disengagement_Score,Frequency_Use,Substance_Type_Use,Consequences_Use
Start Date,End Date,Response Type,IP Address,Progress,Duration (in seconds),Finished,Recorded Date,Response ID,Recipient Last Name,Recipient First Name,Recipient Email,External Data Reference,Location Latitude,Location Longitude,Distribution Channel,User Language,Participant ID,"For each of the following statements, please indicate the likelihood that you would engage in the
described activity or behavior if you were to find yourself in that situation. Provide a rating from
Extremely Unlikely to Extremely Likely, using the following scale - Admitting that your tastes are different from those of a friend.","For each of the following statements, please indicate the likelihood that you would engage in the
described activity or behavior if you were to find yourself in that situation. Provide a rating from
Extremely Unlikely to Extremely Likely, using the following scale - Going camping in the wilderness.","For each of the following statements, please indicate the likelihood that you would engage in the
described activity or behavior if you were to find yourself in that situation. Provide a rating from
Extremely Unlikely to Extremely Likely, using the following scale - Betting a day’s income at the horse races.","For each of the following statements, please indicate the likelihood that you would engage in the
described activity or behavior if you were to find yourself in that situation. Provide a rating from
Extremely Unlikely to Extremely Likely, using the following scale - Investing 10% of your annual income in a moderate growth mutual fund.","For each of the following statements, please indicate the likelihood that you would engage in the
described activity or behavior if you were to find yourself in that situation. Provide a rating from
Extremely Unlikely to Extremely Likely, using the following scale - Drinking heavily at a social function.","For each of the following statements, please indicate the likelihood that you would engage in the
described activity or behavior if you were to find yourself in that situation. Provide a rating from
Extremely Unlikely to Extremely Likely, using the following scale - Taking some questionable deductions on your income tax return.","For each of the following statements, please indicate the likelihood that you would engage in the
described activity or behavior if you were to find yourself in that situation. Provide a rating from
Extremely Unlikely to Extremely Likely, using the following scale - Disagreeing with an authority figure on a major issue.","For each of the following statements, please indicate the likelihood that you would engage in the
described activity or behavior if you were to find yourself in that situation. Provide a rating from
Extremely Unlikely to Extremely Likely, using the following scale - Betting a day’s income at a high-stake poker game.","For each of the following statements, please indicate the likelihood that you would engage in the
described activity or behavior if you were to find yourself in that situation. Provide a rating from
Extremely Unlikely to Extremely Likely, using the following scale - Having an affair with a married man/woman.","For each of the following statements, please indicate the likelihood that you would engage in the
described activity or behavior if you were to find yourself in that situation. Provide a rating from
Extremely Unlikely to Extremely Likely, using the following scale - Passing off somebody else’s work as your own.","For each of the following statements, please indicate the likelihood that you would engage in the
described activity or behavior if you were to find yourself in that situation. Provide a rating from
Extremely Unlikely to Extremely Likely, using the following scale - Going down a ski run that is beyond your ability.","For each of the following statements, please indicate the likelihood that you would engage in the
described activity or behavior if you were to find yourself in that situation. Provide a rating from
Extremely Unlikely to Extremely Likely, using the following scale - Investing 5% of your annual income in a very speculative stock.","For each of the following statements, please indicate the likelihood that you would engage in the
described activity or behavior if you were to find yourself in that situation. Provide a rating from
Extremely Unlikely to Extremely Likely, using the following scale - Going whitewater rafting at high water in the spring.","For each of the following statements, please indicate the likelihood that you would engage in the
described activity or behavior if you were to find yourself in that situation. Provide a rating from
Extremely Unlikely to Extremely Likely, using the following scale - Betting a day’s income on the outcome of a sporting event.","For each of the following statements, please indicate the likelihood that you would engage in the
described activity or behavior if you were to find yourself in that situation. Provide a rating from
Extremely Unlikely to Extremely Likely, using the following scale - Engaging in unprotected sex.","For each of the following statements, please indicate the likelihood that you would engage in the
described activity or behavior if you were to find yourself in that situation. Provide a rating from
Extremely Unlikely to Extremely Likely, using the following scale - Revealing a friend’s secret to someone else.","For each of the following statements, please indicate the likelihood that you would engage in the
described activity or behavior if you were to find yourself in that situation. Provide a rating from
Extremely Unlikely to Extremely Likely, using the following scale - Driving a car without wearing a seat belt.","For each of the following statements, please indicate the likelihood that you would engage in the
described activity or behavior if you were to find yourself in that situation. Provide a rating from
Extremely Unlikely to Extremely Likely, using the following scale - Investing 10% of your annual income in a new business venture.","For each of the following statements, please indicate the likelihood that you would engage in the
described activity or behavior if you were to find yourself in that situation. Provide a rating from
Extremely Unlikely to Extremely Likely, using the following scale - Taking a skydiving class.","For each of the following statements, please indicate the likelihood that you would engage in the
described activity or behavior if you were to find yourself in that situation. Provide a rating from
Extremely Unlikely to Extremely Likely, using the following scale - Riding a motorcycle without a helmet.","For each of the following statements, please indicate the likelihood that you would engage in the
described activity or behavior if you were to find yourself in that situation. Provide a rating from
Extremely Unlikely to Extremely Likely, using the following scale - Choosing a career that you truly enjoy over a more prestigious one.","For each of the following statements, please indicate the likelihood that you would engage in the
described activity or behavior if you were to find yourself in that situation. Provide a rating from
Extremely Unlikely to Extremely Likely, using the following scale - Speaking your mind about an unpopular issue in a meeting at work.","For each of the following statements, please indicate the likelihood that you would engage in the
described activity or behavior if you were to find yourself in that situation. Provide a rating from
Extremely Unlikely to Extremely Likely, using the following scale - Sunbathing without sunscreen.","For each of the following statements, please indicate the likelihood that you would engage in the
described activity or behavior if you were to find yourself in that situation. Provide a rating from
Extremely Unlikely to Extremely Likely, using the following scale - Bungee jumping off a tall bridge.","For each of the following statements, please indicate the likelihood that you would engage in the
described activity or behavior if you were to find yourself in that situation. Provide a rating from
Extremely Unlikely to Extremely Likely, using the following scale - Piloting a small plane.","For each of the following statements, please indicate the likelihood that you would engage in the
described activity or behavior if you were to find yourself in that situation. Provide a rating from
Extremely Unlikely to Extremely Likely, using the following scale - Walking home alone at night in an unsafe area of town.","For each of the following statements, please indicate the likelihood that you would engage in the
described activity or behavior if you were to find yourself in that situation. Provide a rating from
Extremely Unlikely to Extremely Likely, using the following scale - Moving to a city far away from your extended family.","For each of the following statements, please indicate the likelihood that you would engage in the
described activity or behavior if you were to find yourself in that situation. Provide a rating from
Extremely Unlikely to Extremely Likely, using the following scale - Starting a new career in your mid-thirties.","For each of the following statements, please indicate the likelihood that you would engage in the
described activity or behavior if you were to find yourself in that situation. Provide a rating from
Extremely Unlikely to Extremely Likely, using the following scale - Leaving your young children alone at home while running an errand.","For each of the following statements, please indicate the likelihood that you would engage in the
described activity or behavior if you were to find yourself in that situation. Provide a rating from
Extremely Unlikely to Extremely Likely, using the following scale - Not returning a wallet you found that contains $200.",Timing - First Click,Timing - Last Click,Timing - Page Submit,Timing - Click Count,"Some of the questions on the following page will ask you about a regular partner. A regular partner is not necessarily someone you are in a relationship with just someone you have been consistently seeing. Here we want to define what regular means to you. 

Please use the text box below to complete the following prompt: a regular partner is someone that I have dated for at least ____ (specify number below) weeks. 

Remember, when asked about a regular partner on the next page, please use this definition. - Weeks","Using a scale of not at all likely to extremely likely, please rate how likely it is that you would engage in each activity in the next 6 months? - Sex with: a regular partner (as defined in A)","Using a scale of not at all likely to extremely likely, please rate how likely it is that you would engage in each activity in the next 6 months? - Sex with: someone I just met or do not know well","Using a scale of not at all likely to extremely likely, please rate how likely it is that you would engage in each activity in the next 6 months? - Sex without protection against pregnancy with: a regular partner (as defined in A)","Using a scale of not at all likely to extremely likely, please rate how likely it is that you would engage in each activity in the next 6 months? - Sex without protection against pregnancy with: someone I just met or do not know well","Using a scale of not at all likely to extremely likely, please rate how likely it is that you would engage in each activity in the next 6 months? - Sex without protection against sexually transmitted diseases with: a regular partner (as defined in A)","Using a scale of not at all likely to extremely likely, please rate how likely it is that you would engage in each activity in the next 6 months? - Sex without protection against sexually transmitted diseases with: someone I just met or do not know well","Using a scale of not at all likely to extremely likely, please rate how likely it is that you would engage in each activity in the next 6 months? - Using condoms for sexual intercourse with: a regular partner (as defined in A)","Using a scale of not at all likely to extremely likely, please rate how likely it is that you would engage in each activity in the next 6 months? - Using condoms for sexual intercourse with: someone I just met or do not know well","Using a scale of not at all likely to extremely likely, please rate how likely it is that you would engage in each activity in the next 6 months? - Sexual intercourse while under the influence of alcohol with: a regular partner (as defined in A)","Using a scale of not at all likely to extremely likely, please rate how likely it is that you would engage in each activity in the next 6 months? - Sexual intercourse while under the influence of alcohol with: someone I just met or do not know well","Using a scale of not at all likely to extremely likely, please rate how likely it is that you would engage in each activity in the next 6 months? - Sexual intercourse while under the influence of drugs other than alcohol with: a regular partner (as defined in A)","Using a scale of not at all likely to extremely likely, please rate how likely it is that you would engage in each activity in the next 6 months? - Sexual intercourse while under the influence of drugs other than alcohol with: someone I just met or do not know well","Using a scale of not at all likely to extremely likely, please rate how likely it is that you would engage in each activity in the next 6 months? - Sex without a condom with: a regular partner (as defined in A)","Using a scale of not at all likely to extremely likely, please rate how likely it is that you would engage in each activity in the next 6 months? - Sex without a condom with: someone I just met or do not know well","Using a scale of not at all likely to extremely likely, please rate how likely it is that you would engage in each activity in the next 6 months? - Sex with someone other than my regular partner (as defined in A)","Using a scale of not at all likely to extremely likely, please rate how likely it is that you would engage in each activity in the next 6 months? - Sex with a NEW partner","Using a scale of not at all likely to extremely likely, please rate how likely it is that you would engage in each activity in the next 6 months? - Leaving a social event with someone I have just met or do not know well","Using a scale of not at all likely to extremely likely, please rate how likely it is that you would engage in each activity in the next 6 months? - Choosing to abstain from sexual activity due to concerns about pregnancy or sexually transmitted diseases","Using a scale of not at all likely to extremely likely, please rate how likely it is that you would engage in each activity in the next 6 months? - Trying/using drugs other than alcohol: Marijuana","Using a scale of not at all likely to extremely likely, please rate how likely it is that you would engage in each activity in the next 6 months? - Trying/using drugs other than alcohol: Cocaine","Using a scale of not at all likely to extremely likely, please rate how likely it is that you would engage in each activity in the next 6 months? - Trying/using drugs other than alcohol: Hallucinogens","Using a scale of not at all likely to extremely likely, please rate how likely it is that you would engage in each activity in the next 6 months? - Trying/using drugs other than alcohol: Amphetamines (speed)","Using a scale of not at all likely to extremely likely, please rate how likely it is that you would engage in each activity in the next 6 months? - Trying/using drugs other than alcohol: Inhalants","Using a scale of not at all likely to extremely likely, please rate how likely it is that you would engage in each activity in the next 6 months? - Trying/using drugs other than alcohol: Other (specify)","Using a scale of not at all likely to extremely likely, please rate how likely it is that you would engage in each activity in the next 6 months? - Driving after drinking: 1-2 alcoholic beverages","Using a scale of not at all likely to extremely likely, please rate how likely it is that you would engage in each activity in the next 6 months? - Driving after drinking: 3-4 alcoholic beverages","Using a scale of not at all likely to extremely likely, please rate how likely it is that you would engage in each activity in the next 6 months? - Driving after drinking: 5 or more alcoholic beverages","Using a scale of not at all likely to extremely likely, please rate how likely it is that you would engage in each activity in the next 6 months? - Drinking more than 5 alcoholic beverages","Using a scale of not at all likely to extremely likely, please rate how likely it is that you would engage in each activity in the next 6 months? - Drinking alcohol too quickly","Using a scale of not at all likely to extremely likely, please rate how likely it is that you would engage in each activity in the next 6 months? - Mixing drugs and alcohol","Using a scale of not at all likely to extremely likely, please rate how likely it is that you would engage in each activity in the next 6 months? - Playing drinking games","Using a scale of not at all likely to extremely likely, please rate how likely it is that you would engage in each activity in the next 6 months? - Riding in a car with someone who has consumed alcohol",Timing - First Click,Timing - Last Click,Timing - Page Submit,Timing - Click Count,Please answer the following statements to the best of your abilities - I like to stop and think about things before I do it.,"Please answer the following statements to the best of your abilities - When I feel bad, I often do things I later regret in order to make myself feel better now.","Please answer the following statements to the best of your abilities - Sometimes when I feel bad, I keep doing something even though It is making me feel worse.",Please answer the following statements to the best of your abilities - I enjoy taking risks.,Please answer the following statements to the best of your abilities - I finish what I start,Please answer the following statements to the best of your abilities - I try to take a careful approach to things,"Please answer the following statements to the best of your abilities - When I am upset, I often act without thinking.","Please answer the following statements to the best of your abilities - I like new, thrilling things, even if they are a little scary.",Please answer the following statements to the best of your abilities - I tend to get things done on time.,"Please answer the following statements to the best of your abilities - When I feel rejected, I often say things that I later regret",Please answer the following statements to the best of your abilities - I would like to learn to fly an airplane/,Please answer the following statements to the best of your abilities - I am a person who always gets the job done.,Please answer the following statements to the best of your abilities - I am very careful.,Please answer the following statements to the best of your abilities - I almost always finish projects that I start.,Please answer the following statements to the best of your abilities - I would like to ski very fast down a high mountain slope.,Please answer the following statements to the best of your abilities - I tend to stop and think before doing things.,"Please answer the following statements to the best of your abilities - When I am in a great mood, I tend to do things that can cause me problems","Please answer the following statements to the best of your abilities - I tend to act without thinking when I am very, very happy","Please answer the following statements to the best of your abilities - When I get really happy about something, I tend to do things that can lead to trouble.",Please answer the following statements to the best of your abilities - I tend to loose control when I am in a great mood.,Timing - First Click,Timing - Last Click,Timing - Page Submit,Timing - Click Count,,,,,,,,,,,"During the past year, how often did you use marijuana?","If you have ever tried any form of cocaine, including powder, crack, or freebase, how old were you when you tried it for the first time?","During the past 30 days, how many times did you use any form of cocaine?","During the past year, how often did you us any form of cocaine?","If you have ever used crystal meth (also called ""ice"" or ""glass""), how old were you when you used crystal meth for the first time?","During the past 30 days, how many times have you used crystal meth?","During the past year, how often have you used crystal meth?","If you have ever used any other type of illegal drug, such as LSD, PCP, ecstasy, mushrooms, speed, or heroin, how old were you when you used them for the first time?","During the past 30 days, how many times did you use any other type of illegal drug, such as LSD, PCP, ecstasy, mushrooms, speed, or heroin?","During the past year, how often did you use any other type of illegal drug, such as LSD, PCP, ecstasy, mushrooms, speed, or heroin?","If you have ever used any prescription drug such as Ritalin, oxycotin, adderall, valium, any narcotic, or tranquilizer without a prescription, how old were you when you used a prescription drug without a prescription for the first time?","During the past 30 days, how many days did you use any prescription drug without a prescription?","During the past year, how often did you use any prescription drug without a prescription?","Please use the scale below to tell us how much you agree or disagree with the following statements. - When I want to feel a more positive emotion (such as joy), I am able to do so by changing what I am thinking about",Please use the scale below to tell us how much you agree or disagree with the following statements. - I am able to control my emotions by physically changing the situation I am in,"Please use the scale below to tell us how much you agree or disagree with the following statements. - When I want to feel a positive emotion, I am able to physically put myself in situations or places that I know make me feel good",Please use the scale below to tell us how much you agree or disagree with the following statements. - I am good at keeping my emotions to myself when I want to,"Please use the scale below to tell us how much you agree or disagree with the following statements. - When I want to feel less negative emotion (such as sadness or anger), I am able to do so by changing what I'm thinking about","Please use the scale below to tell us how much you agree or disagree with the following statements. - When faced with an undesired emotion, I can take my mind off it by thinking about unrelated if I want to","Please use the scale below to tell us how much you agree or disagree with the following statements. - If I decide to, focusing on the boring parts of what triggers my emotions is an effective way for me to get past unwanted feelings","Please use the scale below to tell us how much you agree or disagree with the following statements. - If I do not like how I am feeling, I am good at finding new surroundings","Please use the scale below to tell us how much you agree or disagree with the following statements. - When I am feeling positive emotions, I am effective at not expressing them if I do not want to","Please use the scale below to tell us how much you agree or disagree with the following statements. - When I'm faced with a stressful situation, I capable of staying calm by making myself think about it in a different way",Please use the scale below to tell us how much you agree or disagree with the following statements. - I am capable of effectively managing my emotions by focusing on the unemotional parts of an experience,Please use the scale below to tell us how much you agree or disagree with the following statements. - I am good at distracting myself from emotions that I do not want to feel,Please use the scale below to tell us how much you agree or disagree with the following statements. - I am effective at controlling my emotions by not expressing them,Please use the scale below to tell us how much you agree or disagree with the following statements. - I am able to to focus on the neutral parts of intense experiences in order to effectively control my emotions,"Please use the scale below to tell us how much you agree or disagree with the following statements. - Whenever I am frustrated, I am capable of cooling off by thinking about something else",Please use the scale below to tell us how much you agree or disagree with the following statements. - Focusing on the mundane aspects of emotional experiences is an effective way for me to not feel emotions I do not want to,Please use the scale below to tell us how much you agree or disagree with the following statements. - I am capable of controlling my emotions by changing the way I think about the situation I'm in,Please use the scale below to tell us how much you agree or disagree with the following statements. - I can effectively control the emotions I am feeling by distracting myself from them,"Please use the scale below to tell us how much you agree or disagree with the following statements. - When I want to feel more positive emotion, I have the ability to change the way I'm thinking about the situation","Please use the scale below to tell us how much you agree or disagree with the following statements. - When I am feeling negative emotions, I am good at not expressing them","Please use the scale below to tell us how much you agree or disagree with the following statements. - If something is upsetting me, I am able to feel better by thinking about something else","Please use the scale below to tell us how much you agree or disagree with the following statements. - When I want to feel more positive emotion, I am good at changing the way I think about the situation",Timing - First Click,Timing - Last Click,Timing - Page Submit,Timing - Click Count,"We are interested in which strategies people use to regulate their emotions, specifically to decrease the negative emotion that they feel. Please rate your agreement with the following statements using the response options listed below. There is no right or wrong answer - To calm down, I do not show others how I feel.","We are interested in which strategies people use to regulate their emotions, specifically to decrease the negative emotion that they feel. Please rate your agreement with the following statements using the response options listed below. There is no right or wrong answer - I concentrate on the least negative aspects of an upsetting situation, to feel less upset.","We are interested in which strategies people use to regulate their emotions, specifically to decrease the negative emotion that they feel. Please rate your agreement with the following statements using the response options listed below. There is no right or wrong answer - To feel less anxious during a conflict, I move the conversation to another topic.","We are interested in which strategies people use to regulate their emotions, specifically to decrease the negative emotion that they feel. Please rate your agreement with the following statements using the response options listed below. There is no right or wrong answer - To feel less anxious, I avoid stressful situations.","We are interested in which strategies people use to regulate their emotions, specifically to decrease the negative emotion that they feel. Please rate your agreement with the following statements using the response options listed below. There is no right or wrong answer - I avoid situations others tell me will be unpleasant, to feel less bad.","We are interested in which strategies people use to regulate their emotions, specifically to decrease the negative emotion that they feel. Please rate your agreement with the following statements using the response options listed below. There is no right or wrong answer - I work to negotiate a resolution to conflicts I have with others, to decrease how bad I feel.","We are interested in which strategies people use to regulate their emotions, specifically to decrease the negative emotion that they feel. Please rate your agreement with the following statements using the response options listed below. There is no right or wrong answer - To feel less upset when things do not go as planned, I think about what may be the benefits.","We are interested in which strategies people use to regulate their emotions, specifically to decrease the negative emotion that they feel. Please rate your agreement with the following statements using the response options listed below. There is no right or wrong answer - I express how I feel to my friends as a way to feel less bad.","We are interested in which strategies people use to regulate their emotions, specifically to decrease the negative emotion that they feel. Please rate your agreement with the following statements using the response options listed below. There is no right or wrong answer - When I have something unpleasant to discuss with someone, I confront them to feel less bad.","We are interested in which strategies people use to regulate their emotions, specifically to decrease the negative emotion that they feel. Please rate your agreement with the following statements using the response options listed below. There is no right or wrong answer - During conflicts I change the topic towards something less upsetting, to feel less bad.","We are interested in which strategies people use to regulate their emotions, specifically to decrease the negative emotion that they feel. Please rate your agreement with the following statements using the response options listed below. There is no right or wrong answer - I confront upsetting situations head-on to feel less upset.","We are interested in which strategies people use to regulate their emotions, specifically to decrease the negative emotion that they feel. Please rate your agreement with the following statements using the response options listed below. There is no right or wrong answer - To feel less bad, I avoid people if I expect an interaction with them to be unpleasant.","We are interested in which strategies people use to regulate their emotions, specifically to decrease the negative emotion that they feel. Please rate your agreement with the following statements using the response options listed below. There is no right or wrong answer - To feel less anxious in stressful situations, I divert my attention away from the situation.","We are interested in which strategies people use to regulate their emotions, specifically to decrease the negative emotion that they feel. Please rate your agreement with the following statements using the response options listed below. There is no right or wrong answer - I steer contentious conversations towards a different topic, to reduce how upset they make me feel.","We are interested in which strategies people use to regulate their emotions, specifically to decrease the negative emotion that they feel. Please rate your agreement with the following statements using the response options listed below. There is no right or wrong answer - To feel less anxious, I tackle stressful situations head-on.","We are interested in which strategies people use to regulate their emotions, specifically to decrease the negative emotion that they feel. Please rate your agreement with the following statements using the response options listed below. There is no right or wrong answer - I suppress my emotion expressions during stressful conversations to feel less anxious.","We are interested in which strategies people use to regulate their emotions, specifically to decrease the negative emotion that they feel. Please rate your agreement with the following statements using the response options listed below. There is no right or wrong answer - To reduce how upset conflicts make me, I actively find compromises.","We are interested in which strategies people use to regulate their emotions, specifically to decrease the negative emotion that they feel. Please rate your agreement with the following statements using the response options listed below. There is no right or wrong answer - I avoid stressful situations, to prevent feeling anxious.","We are interested in which strategies people use to regulate their emotions, specifically to decrease the negative emotion that they feel. Please rate your agreement with the following statements using the response options listed below. There is no right or wrong answer - During a conflict, to calm myself down I work towards finding a compromise.","We are interested in which strategies people use to regulate their emotions, specifically to decrease the negative emotion that they feel. Please rate your agreement with the following statements using the response options listed below. There is no right or wrong answer - To reduce how upset I feel when something upsetting happens, I think of this as a chance to grow.","We are interested in which strategies people use to regulate their emotions, specifically to decrease the negative emotion that they feel. Please rate your agreement with the following statements using the response options listed below. There is no right or wrong answer - To feel less nervous during a stressful situation, I think about the good things that could come from the situation.","We are interested in which strategies people use to regulate their emotions, specifically to decrease the negative emotion that they feel. Please rate your agreement with the following statements using the response options listed below. There is no right or wrong answer - To reduce how bad I feel during unpleasant conversations, I focus on anything the person says that is not unpleasant.","We are interested in which strategies people use to regulate their emotions, specifically to decrease the negative emotion that they feel. Please rate your agreement with the following statements using the response options listed below. There is no right or wrong answer - I focus on the least negative components of a stressful situation, to feel less anxious.","We are interested in which strategies people use to regulate their emotions, specifically to decrease the negative emotion that they feel. Please rate your agreement with the following statements using the response options listed below. There is no right or wrong answer - To feel less upset when things do not work out as planned, I think of it as a chance to learn.","We are interested in which strategies people use to regulate their emotions, specifically to decrease the negative emotion that they feel. Please rate your agreement with the following statements using the response options listed below. There is no right or wrong answer - When something does not go as planned, I re-evaluate its importance to reduce how bad I feel.","We are interested in which strategies people use to regulate their emotions, specifically to decrease the negative emotion that they feel. Please rate your agreement with the following statements using the response options listed below. There is no right or wrong answer - During conflicts, I calm down by negotiating a resolution to the conflict.","We are interested in which strategies people use to regulate their emotions, specifically to decrease the negative emotion that they feel. Please rate your agreement with the following statements using the response options listed below. There is no right or wrong answer - I distract myself during unpleasant situations to feel less bad.","We are interested in which strategies people use to regulate their emotions, specifically to decrease the negative emotion that they feel. Please rate your agreement with the following statements using the response options listed below. There is no right or wrong answer - To reduce how upset a situation makes me feel, I tackle it head-on.","We are interested in which strategies people use to regulate their emotions, specifically to decrease the negative emotion that they feel. Please rate your agreement with the following statements using the response options listed below. There is no right or wrong answer - To feel less upset during upsetting situations, I divert my attention away from what is happening.","We are interested in which strategies people use to regulate their emotions, specifically to decrease the negative emotion that they feel. Please rate your agreement with the following statements using the response options listed below. There is no right or wrong answer - To feel less stressed, I ask others for help.","We are interested in which strategies people use to regulate their emotions, specifically to decrease the negative emotion that they feel. Please rate your agreement with the following statements using the response options listed below. There is no right or wrong answer - To reduce how anxious I feel during stressful conversations, I focus on things the person says that are not negative.","We are interested in which strategies people use to regulate their emotions, specifically to decrease the negative emotion that they feel. Please rate your agreement with the following statements using the response options listed below. There is no right or wrong answer - I talk with others about what makes me nervous, to feel less anxious.","We are interested in which strategies people use to regulate their emotions, specifically to decrease the negative emotion that they feel. Please rate your agreement with the following statements using the response options listed below. There is no right or wrong answer - To reduce how bad I feel during unpleasant situations, I do something to distract myself.","We are interested in which strategies people use to regulate their emotions, specifically to decrease the negative emotion that they feel. Please rate your agreement with the following statements using the response options listed below. There is no right or wrong answer - I do not tell others when I am upset, as a way to reduce how upset I feel.","We are interested in which strategies people use to regulate their emotions, specifically to decrease the negative emotion that they feel. Please rate your agreement with the following statements using the response options listed below. There is no right or wrong answer - During stressful conversations, I distract myself to feel less anxious.","We are interested in which strategies people use to regulate their emotions, specifically to decrease the negative emotion that they feel. Please rate your agreement with the following statements using the response options listed below. There is no right or wrong answer - To reduce how bad conflicts make me feel, I work to solve the disagreement.","We are interested in which strategies people use to regulate their emotions, specifically to decrease the negative emotion that they feel. Please rate your agreement with the following statements using the response options listed below. There is no right or wrong answer - To feel less upset during a heated conversation, I change the subject.","We are interested in which strategies people use to regulate their emotions, specifically to decrease the negative emotion that they feel. Please rate your agreement with the following statements using the response options listed below. There is no right or wrong answer - If something does not work out as I wanted, to feel less bad I decide that perhaps it was not so important.","We are interested in which strategies people use to regulate their emotions, specifically to decrease the negative emotion that they feel. Please rate your agreement with the following statements using the response options listed below. There is no right or wrong answer - I work to find a solution to conflicts, to decrease how anxious they make me feel.","We are interested in which strategies people use to regulate their emotions, specifically to decrease the negative emotion that they feel. Please rate your agreement with the following statements using the response options listed below. There is no right or wrong answer - When something does not work out, to calm down I try to see it as a blessing in disguise.","We are interested in which strategies people use to regulate their emotions, specifically to decrease the negative emotion that they feel. Please rate your agreement with the following statements using the response options listed below. There is no right or wrong answer - When going for something I want gets me in a stressful situation, to feel less anxious I question the importance of what I want.","We are interested in which strategies people use to regulate their emotions, specifically to decrease the negative emotion that they feel. Please rate your agreement with the following statements using the response options listed below. There is no right or wrong answer - To reduce how upset a situation makes me feel, I avoid the situation.","We are interested in which strategies people use to regulate their emotions, specifically to decrease the negative emotion that they feel. Please rate your agreement with the following statements using the response options listed below. There is no right or wrong answer - I steer combative conversations to neutral topics, to reduce how bad they make me feel.","We are interested in which strategies people use to regulate their emotions, specifically to decrease the negative emotion that they feel. Please rate your agreement with the following statements using the response options listed below. There is no right or wrong answer - I avoid upsetting conversations to feel less upset.","We are interested in which strategies people use to regulate their emotions, specifically to decrease the negative emotion that they feel. Please rate your agreement with the following statements using the response options listed below. There is no right or wrong answer - When something upsetting happens, to feel less upset, I think about the possible benefits of the situation.",Timing - First Click,Timing - Last Click,Timing - Page Submit,Timing - Click Count,Sex,Gender,Sexual Orientation,Ethnicity,Race,"Please enter your current, gross household income below (in USD). For our purposes,
we define 'household' as a group of people who rely on the same monetary pool for financial
support.
If you do not know your gross household income, please give us your best guess.",Do you rely on your parents for financial assistance?,,,,,,,,,,,,,,,
"{""ImportId"":""startDate"",""timeZone"":""America/Denver""}","{""ImportId"":""endDate"",""timeZone"":""America/Denver""}","{""ImportId"":""status""}","{""ImportId"":""ipAddress""}","{""ImportId"":""progress""}","{""ImportId"":""duration""}","{""ImportId"":""finished""}","{""ImportId"":""recordedDate"",""timeZone"":""America/Denver""}","{""ImportId"":""_recordId""}","{""ImportId"":""recipientLastName""}","{""ImportId"":""recipientFirstName""}","{""ImportId"":""recipientEmail""}","{""ImportId"":""externalDataReference""}","{""ImportId"":""locationLatitude""}","{""ImportId"":""locationLongitude""}","{""ImportId"":""distributionChannel""}","{""ImportId"":""userLanguage""}","{""ImportId"":""QID62_TEXT""}","{""ImportId"":""QID2_1""}","{""ImportId"":""QID2_2""}","{""ImportId"":""QID2_3""}","{""ImportId"":""QID2_4""}","{""ImportId"":""QID2_5""}","{""ImportId"":""QID2_6""}","{""ImportId"":""QID2_7""}","{""ImportId"":""QID2_8""}","{""ImportId"":""QID2_9""}","{""ImportId"":""QID2_10""}","{""ImportId"":""QID2_11""}","{""ImportId"":""QID2_12""}","{""ImportId"":""QID2_13""}","{""ImportId"":""QID2_14""}","{""ImportId"":""QID2_15""}","{""ImportId"":""QID2_16""}","{""ImportId"":""QID2_17""}","{""ImportId"":""QID2_18""}","{""ImportId"":""QID2_19""}","{""ImportId"":""QID2_20""}","{""ImportId"":""QID2_21""}","{""ImportId"":""QID2_22""}","{""ImportId"":""QID2_23""}","{""ImportId"":""QID2_24""}","{""ImportId"":""QID2_25""}","{""ImportId"":""QID2_26""}","{""ImportId"":""QID2_27""}","{""ImportId"":""QID2_28""}","{""ImportId"":""QID2_29""}","{""ImportId"":""QID2_30""}","{""ImportId"":""QID57_FIRST_CLICK""}","{""ImportId"":""QID57_LAST_CLICK""}","{""ImportId"":""QID57_PAGE_SUBMIT""}","{""ImportId"":""QID57_CLICK_COUNT""}","{""ImportId"":""QID1320444169_1""}","{""ImportId"":""QID1320444172_1""}","{""ImportId"":""QID1320444172_2""}","{""ImportId"":""QID1320444172_3""}","{""ImportId"":""QID1320444172_4""}","{""ImportId"":""QID1320444172_5""}","{""ImportId"":""QID1320444172_6""}","{""ImportId"":""QID1320444172_7""}","{""ImportId"":""QID1320444172_8""}","{""ImportId"":""QID1320444172_9""}","{""ImportId"":""QID1320444172_10""}","{""ImportId"":""QID1320444172_11""}","{""ImportId"":""QID1320444172_12""}","{""ImportId"":""QID1320444172_13""}","{""ImportId"":""QID1320444172_14""}","{""ImportId"":""QID1320444172_15""}","{""ImportId"":""QID1320444172_16""}","{""ImportId"":""QID1320444172_17""}","{""ImportId"":""QID1320444172_18""}","{""ImportId"":""QID1320444172_19""}","{""ImportId"":""QID1320444172_20""}","{""ImportId"":""QID1320444172_21""}","{""ImportId"":""QID1320444172_22""}","{""ImportId"":""QID1320444172_23""}","{""ImportId"":""QID1320444172_24""}","{""ImportId"":""QID1320444172_25""}","{""ImportId"":""QID1320444172_26""}","{""ImportId"":""QID1320444172_27""}","{""ImportId"":""QID1320444172_28""}","{""ImportId"":""QID1320444172_29""}","{""ImportId"":""QID1320444172_30""}","{""ImportId"":""QID1320444172_31""}","{""ImportId"":""QID1320444172_32""}","{""ImportId"":""QID58_FIRST_CLICK""}","{""ImportId"":""QID58_LAST_CLICK""}","{""ImportId"":""QID58_PAGE_SUBMIT""}","{""ImportId"":""QID58_CLICK_COUNT""}","{""ImportId"":""QID4_1""}","{""ImportId"":""QID4_2""}","{""ImportId"":""QID4_3""}","{""ImportId"":""QID4_4""}","{""ImportId"":""QID4_5""}","{""ImportId"":""QID4_6""}","{""ImportId"":""QID4_7""}","{""ImportId"":""QID4_8""}","{""ImportId"":""QID4_9""}","{""ImportId"":""QID4_10""}","{""ImportId"":""QID4_11""}","{""ImportId"":""QID4_12""}","{""ImportId"":""QID4_13""}","{""ImportId"":""QID4_14""}","{""ImportId"":""QID4_15""}","{""ImportId"":""QID4_16""}","{""ImportId"":""QID4_17""}","{""ImportId"":""QID4_18""}","{""ImportId"":""QID4_19""}","{""ImportId"":""QID4_20""}","{""ImportId"":""QID59_FIRST_CLICK""}","{""ImportId"":""QID59_LAST_CLICK""}","{""ImportId"":""QID59_PAGE_SUBMIT""}","{""ImportId"":""QID59_CLICK_COUNT""}",,,,,,,,,,,"{""ImportId"":""QID1320300130""}","{""ImportId"":""QID1320300132""}","{""ImportId"":""QID1320300133""}","{""ImportId"":""QID1320300134""}","{""ImportId"":""QID1320300135""}","{""ImportId"":""QID1320300136""}","{""ImportId"":""QID1320300137""}","{""ImportId"":""QID1320300138""}","{""ImportId"":""QID1320300139""}","{""ImportId"":""QID1320300140""}","{""ImportId"":""QID1320300141""}","{""ImportId"":""QID1320300142""}","{""ImportId"":""QID28""}","{""ImportId"":""QID29_1""}","{""ImportId"":""QID29_2""}","{""ImportId"":""QID29_3""}","{""ImportId"":""QID29_4""}","{""ImportId"":""QID29_5""}","{""ImportId"":""QID29_6""}","{""ImportId"":""QID29_7""}","{""ImportId"":""QID29_8""}","{""ImportId"":""QID29_9""}","{""ImportId"":""QID29_10""}","{""ImportId"":""QID29_11""}","{""ImportId"":""QID29_12""}","{""ImportId"":""QID29_13""}","{""ImportId"":""QID29_14""}","{""ImportId"":""QID29_15""}","{""ImportId"":""QID29_16""}","{""ImportId"":""QID29_17""}","{""ImportId"":""QID29_18""}","{""ImportId"":""QID29_19""}","{""ImportId"":""QID29_20""}","{""ImportId"":""QID29_21""}","{""ImportId"":""QID29_22""}","{""ImportId"":""QID60_FIRST_CLICK""}","{""ImportId"":""QID60_LAST_CLICK""}","{""ImportId"":""QID60_PAGE_SUBMIT""}","{""ImportId"":""QID60_CLICK_COUNT""}","{""ImportId"":""QID30_1""}","{""ImportId"":""QID30_2""}","{""ImportId"":""QID30_3""}","{""ImportId"":""QID30_4""}","{""ImportId"":""QID30_5""}","{""ImportId"":""QID30_6""}","{""ImportId"":""QID30_7""}","{""ImportId"":""QID30_8""}","{""ImportId"":""QID30_9""}","{""ImportId"":""QID30_10""}","{""ImportId"":""QID30_11""}","{""ImportId"":""QID30_12""}","{""ImportId"":""QID30_13""}","{""ImportId"":""QID30_14""}","{""ImportId"":""QID30_15""}","{""ImportId"":""QID30_16""}","{""ImportId"":""QID30_17""}","{""ImportId"":""QID30_18""}","{""ImportId"":""QID30_19""}","{""ImportId"":""QID30_20""}","{""ImportId"":""QID30_21""}","{""ImportId"":""QID30_22""}","{""ImportId"":""QID30_23""}","{""ImportId"":""QID30_24""}","{""ImportId"":""QID30_25""}","{""ImportId"":""QID30_26""}","{""ImportId"":""QID30_27""}","{""ImportId"":""QID30_28""}","{""ImportId"":""QID30_29""}","{""ImportId"":""QID30_30""}","{""ImportId"":""QID30_31""}","{""ImportId"":""QID30_32""}","{""ImportId"":""QID30_33""}","{""ImportId"":""QID30_34""}","{""ImportId"":""QID30_35""}","{""ImportId"":""QID30_36""}","{""ImportId"":""QID30_37""}","{""ImportId"":""QID30_38""}","{""ImportId"":""QID30_39""}","{""ImportId"":""QID30_40""}","{""ImportId"":""QID30_41""}","{""ImportId"":""QID30_42""}","{""ImportId"":""QID30_43""}","{""ImportId"":""QID30_44""}","{""ImportId"":""QID30_45""}","{""ImportId"":""QID61_FIRST_CLICK""}","{""ImportId"":""QID61_LAST_CLICK""}","{""ImportId"":""QID61_PAGE_SUBMIT""}","{""ImportId"":""QID61_CLICK_COUNT""}","{""ImportId"":""QID1320300347""}","{""ImportId"":""QID1320300348""}","{""ImportId"":""QID1320300349""}","{""ImportId"":""QID1320300350""}","{""ImportId"":""QID1320300351""}","{""ImportId"":""QID1320300352_TEXT""}","{""ImportId"":""QID1320300353""}",,,,,,,,,,,,,,,
2024-12-06 11:36:55,2024-12-06 13:25:17,0,72.33.2.160,100,6501,1,2024-12-06 13:25:18,R_1cvdIyNsKtlwdOz,,,,,43.0812,-89.3845,anonymous,EN,,6,4,7,7,4,3,5,6,3,1,1,5,3,7,6,4,5,5,1,6,2,5,2,1,2,3,7,6,2,1,,,,,12,6,5,6,1,1,1,7,7,5,4,3,2,6,5,3,5,6,7,1,1,1,1,1,1,4,1,1,1,6,1,7,1,,,,,1,1,1,1,1,1,1,3,3,1,3,1,2,2,3,1,2,2,2,2,,,,,7.0,2.0,2.0,5.0,3.0,5.0,2.0,4.0,7.0,5.0,3,1,,,1,,,1,,,1,,,6,6,6,6,6,4,5,4,4,5,5,4,7,5,5,5,5,5,6,7,6,6,,,,,5,4,4,6,4,5,6,4,5,5,4,5,5,3,4,5,5,5,4,5,6,4,4,4,5,5,4,5,4,4,5,5,6,4,4,5,4,4,5,5,5,4,5,5,5,,,,,1,1,1,2,2,200000,1,4.5,4.833333333333333,4.833333333333333,4.2,4.25,4.6,5.166666666666667,4.666666666666667,4.333333333333333,4.666666666666667,4.616666666666666,4.593333333333334,3.6666666666666665,4.333333333333333,4.5
2024-12-06 13:33:27,2024-12-06 14:09:26,0,72.33.2.160,100,2158,1,2024-12-06 14:09:27,R_137b3hb4Sq2f8SI,,,,,43.0812,-89.3845,anonymous,EN,,6,7,2,7,6,4,3,2,2,1,6,2,7,3,7,2,2,3,7,5,5,5,7,7,7,6,4,1,1,1,,,,,4,7,3,2,1,2,1,1,3,6,1,1,1,7,5,2,4,2,5,2,1,1,1,1,1,6,2,1,7,6,1,7,1,,,,,2,2,2,2,2,2,3,1,2,3,2,1,3,1,1,2,3,3,3,4,,,,,1.0,,,5.0,3.0,6.0,3.0,5.0,7.0,5.0,2,1,,,1,,,1,,,1,,,4,5,5,7,5,6,3,5,5,6,7,7,7,7,7,7,7,6,5,7,7,5,,,,,5,6,5,5,4,6,5,3,4,4,5,4,5,5,4,6,6,3,5,4,5,4,4,5,5,5,4,4,3,3,4,3,4,5,4,5,4,6,5,2,5,4,5,5,6,,,,,1,1,1,2,4,"200,000/ year",1,4.25,4.166666666666667,5.333333333333333,4.6,4.5,4.0,4.5,5.333333333333333,3.0,5.333333333333333,4.316666666666666,4.686666666666666,1.0,4.666666666666667,5.0
2024-12-09 08:11:43,2024-12-09 11:01:06,0,72.33.2.226,100,10163,1,2024-12-09 11:01:07,R_6JCqgwYNQIAHuuw,,,,,43.0812,-89.3845,anonymous,EN,,7,7,2,6,4,2,3,2,1,2,4,5,2,1,5,2,1,4,6,1,7,5,2,4,5,2,6,4,4,2,5.475,115.191,116.578,34,12,5,1,2,1,1,1,5,7,2,1,1,1,3,1,1,2,3,6,5,1,1,1,1,2,1,1,1,1,2,1,3,1,12.027,115.698,118.929,36,2,3,2,2,1,2,2,2,2,2,1,2,3,2,3,2,2,2,2,3,3.281,63.335,64.821,22,1.0,,,6.0,5.0,2.0,2.0,2.0,7.0,4.0,3,1,,,1,,,1,,,1,,,4,5,6,7,4,3,4,6,6,5,6,3,4,6,6,5,5,3,7,5,4,5,5.171,105.023,105.967,27,4,5,5,5,4,5,4,3,2,4,3,4,4,5,3,4,4,4,5,5,4,3,4,4,5,4,4,3,4,4,3,2,5,4,4,4,5,5,5,3,5,4,3,4,4,5.222,194.366,195.194,48,1,1,3,2,2,"120,000",2,2.75,4.166666666666667,4.5,4.4,3.75,4.2,4.0,5.0,3.0,4.0,3.6,4.3533333333333335,1.0,4.333333333333333,3.75
2024-12-09 11:44:50,2024-12-09 13:43:30,0,72.33.2.226,100,7120,1,2024-12-09 13:43:31,R_5qC1R0pXoXjrg7g,,,,,43.0812,-89.3845,anonymous,EN,,6,5,1,7,5,3,3,1,1,3,3,2,5,1,3,2,1,4,3,5,2,1,6,4,5,3,5,1,5,3,6.754,150.273,151.221,38,6,6,2,2,1,1,1,6,7,5,2,1,1,2,1,1,5,2,6,1,1,1,1,1,1,2,1,1,1,4,1,6,2,6.957,142.931,144.566,44,2,2,3,2,1,2,2,2,2,2,3,3,3,2,1,2,4,2,2,2,4.561,86.699,87.784,22,1.0,,,6.0,1.0,3.0,3.0,3.0,1.0,,,1,,,1,,,1,,,1,,,6,5,3,2,5,5,5,5,3,4,5,5,3,5,5,6,6,3,5,3,3,5,11.129,114.184,115.879,33,6,5,4,4,3,4,4,4,3,4,5,4,3,4,4,4,5,3,3,3,3,2,3,3,4,3,2,2,2,3,4,3,4,5,3,2,2,3,4,3,4,4,3,2,4,4.292,173.55,175.825,54,1,1,1,2,4,"200,000",2,3.5,3.3333333333333335,3.5,3.4,3.5,2.8,3.3333333333333335,3.6666666666666665,3.3333333333333335,5.0,3.4333333333333336,3.6399999999999997,1.0,3.3333333333333335,2.3333333333333335
2024-12-10 08:07:30,2024-12-10 09:37:02,0,72.33.2.119,100,5372,1,2024-12-10 09:37:03,R_3aggmek5Zb7Iekr,,,,,43.0812,-89.3845,anonymous,EN,,6,2,1,5,5,1,2,1,1,2,1,1,3,1,6,3,5,1,1,2,5,6,7,1,1,1,3,2,1,2,12.608,141.886,143.14,34,6,7,3,7,2,2,1,3,7,5,2,7,1,4,7,1,3,1,1,1,1,1,1,1,4,1,1,1,1,4,5,5,2,7.077,151.078,153.322,34,,,,,,,,,,,,,,,,,,,,,8.878,8.878,8.881,1,7.0,2.0,2.0,6.0,3.0,1.0,,,7.0,,,,,,,1,1,1,,,1,,,,,,,,,,,,,,,,,,,,,,,,,6.991,6.991,6.993,1,,,,,,,,,,,,,,,,,,,,,,,,,,,,,,,,,,,,,,,,,,,,,,7.169,7.169,7.171,1,2,2,1,1,4,"40,000",1,,,,,,,,,,,,,3.6666666666666665,3.3333333333333335,7.0
2024-12-10 09:38:36,2024-12-10 12:16:54,0,72.33.2.119,100,9498,1,2024-12-10 12:16:55,R_3Rz6Rx7AzFN4Li3,,,,,43.0812,-89.3845,anonymous,EN,,7,5,2,3,4,3,5,1,1,1,3,5,5,2,1,1,1,2,6,1,7,5,5,6,6,2,5,5,1,1,6.916,105.436,109.999,31,7,5,2,1,1,1,1,7,7,6,2,5,2,1,1,1,2,2,6,2,1,1,1,1,1,2,1,1,5,5,1,6,2,4.494,95.769,97.296,34,1,3,3,2,1,1,2,1,1,1,2,1,1,1,1,1,3,2,3,3,4.014,70.855,72.157,22,1.0,,,4.0,2.0,6.0,3.0,5.0,1.0,,,1,,,1,,,1,,,1,,,4,5,5,6,6,4,3,5,5,5,4,6,6,4,5,4,5,6,5,6,5,5,9.741,129.879,131.152,22,4,5,5,5,5,5,6,6,4,4,3,5,5,4,3,4,4,5,5,4,3,4,4,3,3,3,3,3,5,4,3,5,5,3,5,4,5,4,4,3,4,5,4,5,3,5.089,219.271,220.234,51,2,2,1,2,4,"225,000",1,3.25,5.0,4.166666666666667,4.4,4.0,4.6,3.6666666666666665,3.6666666666666665,5.0,3.6666666666666665,4.0166666666666675,4.2666666666666675,1.0,4.0,3.0
2024-12-10 13:22:32,2024-12-10 15:23:44,0,72.33.2.119,100,7271,1,2024-12-10 15:23:45,R_5HnjkUYki1wuh4g,,,,,43.0812,-89.3845,anonymous,EN,,6,6,2,6,4,4,5,5,2,1,2,5,7,2,1,1,1,4,2,1,2,3,2,2,1,2,6,5,4,4,13.464,154.651,155.252,35,1,5,2,3,1,1,1,6,7,4,1,4,1,3,1,1,3,2,3,2,1,1,1,1,1,4,2,2,2,3,1,4,1,9.653,137.103,139.492,42,2,3,3,2,1,2,3,2,2,3,2,2,2,2,3,2,3,2,3,3,7.86,73.946,74.735,23,1.0,,,6.0,4.0,4.0,1.0,3.0,7.0,5.0,2,1,,,1,,,1,,,1,,,3,3,6,6,4,3,4,5,5,6,5,4,5,5,5,4,4,4,3,5,3,5,8.456,116.184,116.857,28,5,4,4,2,4,4,5,4,4,4,3,4,4,4,4,3,4,4,4,4,5,4,4,5,4,4,4,3,5,2,2,2,4,6,4,4,3,5,5,1,4,4,1,2,3,9.65,250.159,251.327,57,1,1,1,1,4,"200,000",1,3.5,3.3333333333333335,4.166666666666667,3.2,3.5,4.2,3.8333333333333335,4.333333333333333,2.6666666666666665,4.666666666666667,3.5333333333333337,3.9466666666666668,1.0,4.666666666666667,4.0
2024-12-11 08:11:18,2024-12-11 08:54:56,0,72.33.2.180,100,2617,1,2024-12-11 08:54:57,R_1J1U6aRy57wtYpk,,,,,43.0812,-89.3845,anonymous,EN,,6,2,1,4,1,1,4,1,1,2,2,2,1,1,1,2,1,2,4,1,5,4,2,1,1,1,2,2,2,1,19.465,302.874,306.308,38,5,1,1,1,1,1,1,1,1,1,1,1,1,1,1,1,1,1,6,1,1,1,1,1,1,1,1,1,1,1,1,2,1,19.29,175.247,176.756,36,1,4,3,4,1,1,2,3,3,1,3,3,1,3,4,2,4,4,4,4,7.48,143.136,144.254,27,1.0,,,6.0,2.0,1.0,1.0,1.0,1.0,,,1,,,1,,,1,,,1,,,5,6,6,4,5,2,5,5,2,6,5,2,1,5,4,5,6,2,7,2,3,6,26.441,329.678,330.659,45,1,6,3,2,5,5,5,4,5,2,6,2,3,2,4,5,5,2,5,5,4,2,5,5,6,6,2,5,4,3,4,5,3,4,3,6,2,3,4,6,2,3,4,4,4,14.201,588.683,591.735,65,1,1,1,2,2,"$450,000",1,5.0,3.0,5.166666666666667,2.6,4.25,3.0,4.833333333333333,3.6666666666666665,4.0,3.3333333333333335,4.65,3.12,1.0,3.0,1.0
2025-01-28 09:49:11,2025-01-28 12:49:37,0,72.33.2.158,100,10825,1,2025-01-28 12:49:38,R_3q9b99FqQ4GownR,,,,,43.0725,-89.4491,anonymous,EN,009,7,5,1,5,3,4,1,1,1,1,5,4,4,1,5,2,2,5,6,2,7,7,7,6,4,5,7,4,2,2,15.402,198.773,202.564,33,8,4,1,4,1,2,1,7,1,5,1,5,1,5,1,1,1,1,3,6,1,1,1,1,1,1,1,1,6,6,2,7,1,22.127,180.277,182.534,35,2,3,3,2,2,2,3,2,1,3,3,1,1,2,2,2,3,3,3,3,8.978,106.279,107.514,20,6.0,1.0,1.0,4.0,2.0,6.0,3.0,6.0,6.0,3.0,10,1,,,1,,,1,,,1,,,3,2,4,7,1,2,4,3,5,4,3,2,5,5,3,3,4,4,3,5,3,3,10.547,185.369,186.629,25,4,1,2,3,5,6,3,4,4,4,4,3,3,2,4,4,2,3,3,4,4,3,3,3,3,3,4,4,3,3,3,4,4,6,5,4,3,3,4,4,4,5,4,3,3,27.481,381.794,383.389,54,2,2,1,1,6,"31,000",2,4.0,3.6666666666666665,3.6666666666666665,3.0,2.5,3.8,3.5,3.3333333333333335,3.6666666666666665,4.666666666666667,3.4666666666666663,3.693333333333333,2.6666666666666665,4.0,4.5
2025-01-28 14:22:33,2025-01-28 15:55:33,0,72.33.2.158,100,5580,1,2025-01-28 15:55:34,R_6lkhxDqVkJvg7cZ,,,,,43.0725,-89.4491,anonymous,EN,010,5,6,1,5,3,2,5,1,1,1,3,6,5,1,1,1,1,5,5,1,6,5,2,5,5,1,5,4,2,1,18.954,119.848,121.2,31,16,1,1,1,1,1,1,4,1,1,1,1,1,1,1,1,1,1,1,1,1,1,1,1,1,5,7,7,1,1,1,4,1,3.74,81.549,82.675,35,2,3,3,3,2,2,3,2,2,3,2,2,2,2,2,2,3,3,3,3,5.073,66.869,68.2,21,1.0,,,1.0,,,,,1.0,,,1,,,1,,,1,,,1,,,5,5,5,5,5,5,5,5,5,5,5,5,5,5,5,5,5,5,5,5,5,5,14.594,80.234,81.918,22,5,5,3,3,3,4,4,3,4,4,4,3,4,4,4,3,3,3,3,3,3,3,3,3,4,4,4,4,4,4,4,4,3,4,3,3,3,3,3,3,4,3,3,3,3,6.165,120.06,124.963,53,2,2,1,2,2,60K,1,4.0,3.0,3.3333333333333335,3.4,3.75,3.6,3.1666666666666665,3.6666666666666665,3.6666666666666665,4.0,3.5833333333333335,3.5333333333333328,1.0,1.0,1.0
2025-01-29 14:21:51,2025-01-29 16:12:07,0,72.33.2.207,100,6616,1,2025-01-29 16:12:08,R_12AcZnblqH1eeER,,,,,43.0725,-89.4491,anonymous,EN,011,5,7,2,3,1,3,3,2,1,2,5,2,5,2,2,3,1,1,6,4,5,3,5,6,5,5,6,4,4,2,33.96,227.914,231.838,34,10,4,2,1,1,1,1,6,7,1,1,1,1,1,1,1,4,5,6,5,1,1,1,1,1,1,1,1,1,1,1,1,3,58.715,307.827,311.543,35,1,2,2,2,1,1,3,1,2,4,2,2,2,2,1,1,2,3,4,4,7.407,130.834,131.986,23,1.0,,,1.0,,,,,7.0,5.0,3,1,,,1,,,1,,,1,,,4,5,5,7,4,4,3,5,5,6,5,5,6,5,6,5,5,6,4,6,3,4,13.853,170.459,171.445,24,4,4,5,4,2,5,3,2,3,4,3,4,5,3,4,6,3,4,4,3,3,3,3,4,4,4,6,4,6,2,3,2,6,5,6,4,4,4,3,3,3,4,4,5,3,7.412,377.88,378.898,50,1,1,1,2,4,"15,000",2,3.5,3.8333333333333335,3.8333333333333335,4.0,3.25,5.8,3.1666666666666665,3.6666666666666665,2.0,5.0,3.15,4.46,1.0,1.0,6.0
2025-01-30 12:31:09,2025-01-30 14:15:52,0,72.33.2.244,100,6283,1,2025-01-30 14:15:53,R_5mlmTmYU6uyqvy0,,,,,43.0782,-89.4075,anonymous,EN,012,5,2,2,2,1,2,4,4,3,3,3,3,3,4,4,4,2,2,2,2,4,2,2,2,3,3,4,4,1,1,19.843,152.724,156.054,37,9,1,1,1,1,1,1,1,1,1,1,1,1,1,1,1,1,1,1,1,1,1,1,1,1,1,1,1,1,1,1,1,1,9.375,70.379,72.245,32,2,3,3,2,2,2,2,2,2,3,2,2,2,2,3,2,3,3,3,3,10.326,76.45,88.858,25,1.0,,,1.0,,,,,1.0,,,1,,,1,,,1,,,1,,,4,5,5,5,5,5,5,5,5,5,4,4,4,4,4,4,5,5,5,4,4,4,2.557,31.792,33.976,22,4,4,4,4,4,4,3,4,4,4,3,4,4,4,4,4,3,3,4,4,3,3,3,4,4,3,3,3,3,4,3,3,4,3,3,4,4,3,4,3,4,4,3,4,4,4.525,87.235,87.838,51,2,2,3,2,2,,1,3.5,3.8333333333333335,3.6666666666666665,3.8,3.25,3.4,3.5,3.6666666666666665,3.6666666666666665,3.6666666666666665,3.5166666666666666,3.6733333333333333,1.0,1.0,1.0
2025-01-30 14:22:28,2025-01-30 16:08:56,0,72.33.2.244,100,6388,1,2025-01-30 16:08:57,R_6WjW6DPRtGqS1tn,,,,,43.0782,-89.4075,anonymous,EN,013,7,7,4,6,4,4,6,5,2,3,2,5,6,5,5,3,3,6,4,5,6,6,6,3,3,6,7,6,3,3,7.538,125.04,126.118,33,2,4,2,3,2,3,2,5,4,3,1,3,1,6,4,1,3,2,5,1,1,1,1,1,1,1,1,1,1,1,1,4,1,26.883,142.394,143.738,33,2,3,2,2,1,3,3,1,2,3,2,2,2,2,4,2,3,3,3,3,5.986,57.902,58.862,21,7.0,2.0,2.0,6.0,4.0,3.0,1.0,2.0,7.0,5.0,3,1,,,1,,,1,,,1,,,2,3,4,6,4,3,2,4,3,5,5,4,6,5,6,2,3,5,5,5,5,4,7.349,131.709,132.674,22,4,5,3,3,1,5,5,3,4,2,4,4,4,3,4,4,5,3,5,4,5,4,4,4,4,5,5,4,4,3,4,3,4,4,4,4,3,4,4,4,3,3,3,3,4,21.273,308.737,309.508,79,1,1,1,2,2,not exactly sure,1,4.0,2.8333333333333335,4.666666666666667,2.8,4.25,4.2,4.333333333333333,3.6666666666666665,3.0,4.0,4.05,3.5,3.6666666666666665,4.333333333333333,3.75
2025-01-31 07:47:14,2025-01-31 09:28:52,0,72.33.2.81,100,6097,1,2025-01-31 09:28:52,R_3o51vCXzOuN2RQ3,,,,,43.0782,-89.4075,anonymous,EN,014,7,6,1,4,1,2,6,1,1,1,1,4,6,1,1,2,1,4,6,2,4,3,2,6,2,3,6,6,2,1,3.543,147.479,148.532,53,9,3,1,1,1,1,1,6,7,3,1,2,1,1,1,1,1,2,4,2,1,4,1,1,1,1,1,1,1,3,1,2,2,6.396,130.077,131.165,51,1,2,2,3,2,2,4,2,2,3,4,2,1,2,3,2,4,2,4,4,3.882,77.533,79.9,26,1.0,,,6.0,5.0,2.0,1.0,2.0,1.0,,,1,,,1,,,1,,,1,,,4,4,4,7,4,4,2,6,7,6,7,7,7,7,4,7,4,7,4,6,4,4,5.985,135.301,136.037,31,6,4,5,4,4,4,3,4,2,3,5,5,5,5,3,6,5,4,5,6,5,2,2,3,4,5,6,5,5,4,3,4,5,6,5,6,5,4,5,3,5,5,4,4,3,3.101,278.398,279.302,68,2,2,1,2,4,18000,2,3.75,4.333333333333333,5.0,4.4,2.75,5.2,3.8333333333333335,4.333333333333333,4.0,6.0,3.866666666666667,4.8533333333333335,1.0,4.333333333333333,1.3333333333333333
2025-01-31 09:29:18,2025-01-31 11:06:28,0,72.33.2.81,100,5830,1,2025-01-31 11:06:29,R_5ruA3MHAuYp6PAC,,,,,43.0782,-89.4075,anonymous,EN,015,5,3,1,7,1,2,3,1,1,2,6,2,7,2,6,2,2,3,7,1,5,6,5,7,7,2,6,6,3,2,14.612,143.942,145.67,35,4,3,1,2,1,3,1,6,7,1,1,2,2,2,1,1,2,1,7,3,1,2,1,1,1,2,1,1,1,1,1,3,1,16.843,161.047,162.885,36,1,2,2,2,2,1,2,1,1,2,1,1,2,1,1,1,3,1,3,3,5.572,81.293,81.776,24,1.0,,,1.0,,,,,1.0,,,1,,,1,,,1,,,1,,,2,5,5,6,2,5,6,3,2,7,6,7,6,6,5,3,5,7,5,6,5,3,9.257,143.563,144.748,25,5,6,4,5,5,6,5,2,3,4,4,4,5,5,6,5,5,5,5,5,6,5,5,4,6,5,6,5,5,1,5,5,5,5,5,6,4,5,6,5,2,5,4,4,4,17.545,311.423,312.65,57,2,2,1,2,4,"180,000",1,4.5,4.666666666666667,5.5,4.2,5.25,5.2,4.833333333333333,4.333333333333333,2.6666666666666665,5.0,4.55,4.68,1.0,1.0,1.0
2025-02-03 11:38:40,2025-02-03 13:14:21,0,72.33.2.14,100,5740,1,2025-02-03 13:14:21,R_3pmE0zS5PAUwcxz,,,,,43.0782,-89.4075,anonymous,EN,016,2,5,1,6,6,2,2,1,1,2,5,3,3,1,3,2,5,3,5,3,6,3,6,2,5,5,3,5,2,2,12.096,150.907,152.505,34,8,7,1,1,1,7,1,1,7,7,1,6,1,7,1,1,1,1,5,5,1,1,1,1,1,1,1,1,1,6,6,7,5,13.77,191.654,193.66,39,1,3,2,3,2,2,3,2,2,4,2,2,2,2,2,2,3,3,3,4,8.061,77.574,78.481,22,7.0,2.0,2.0,5.0,2.0,6.0,4.0,6.0,7.0,4.0,3,1,,,1,,,1,,,1,,,5,6,7,5,5,5,5,6,6,7,5,6,3,5,5,5,5,5,6,5,5,5,11.282,140.883,142.106,24,2,5,5,5,5,5,6,5,2,4,2,4,4,4,2,5,5,5,5,5,5,4,5,5,5,5,5,2,4,5,2,4,4,4,4,4,4,4,4,4,4,4,6,4,6,13.955,238.24,240.227,48,2,2,1,2,4,"40,000",2,2.0,4.5,4.666666666666667,4.6,4.0,4.2,5.166666666666667,4.333333333333333,4.666666666666667,3.6666666666666665,4.1000000000000005,4.26,3.6666666666666665,4.333333333333333,5.25
2025-02-03 13:14:51,2025-02-03 15:15:34,0,72.33.2.14,100,7243,1,2025-02-03 15:15:36,R_10AYyXI5ysi0VBJ,,,,,43.0782,-89.4075,anonymous,EN,017,6,5,3,2,5,5,2,3,1,2,1,1,1,3,3,5,3,2,5,5,5,3,3,1,5,2,6,3,2,1,16.97,152.554,154.967,33,6,5,1,1,1,1,1,5,1,5,1,3,1,1,1,1,1,1,7,6,1,1,1,1,1,1,1,1,1,6,5,6,5,22.16,167.551,171.502,38,2,3,2,3,3,2,3,2,3,2,2,3,1,2,4,2,4,3,4,4,5.785,94.949,96.202,25,1.0,,,6.0,3.0,4.0,2.0,3.0,7.0,5.0,2,1,,,1,,,1,,,1,,,4,5,5,6,3,3,2,3,6,3,3,5,3,5,5,2,3,5,5,3,5,5,11.403,222.106,227.784,32,1,2,2,4,4,5,5,6,4,3,3,4,4,4,3,2,5,4,5,2,2,4,3,3,6,4,4,4,3,6,4,5,5,2,4,4,3,6,4,4,5,4,3,4,4,6.912,286.207,298.75,53,2,2,1,2,2,40000,2,3.5,4.0,4.5,3.0,3.25,4.0,3.3333333333333335,5.666666666666667,5.666666666666667,1.6666666666666667,4.05,3.666666666666667,1.0,4.333333333333333,4.25
